{"cameraMode":{"drawMode":0,"name":"Shaded","section":"Shading Mode"},"sceneLighting":false,"audioPlay":false,"sceneViewState":{"showFog":true,"showMaterialUpdate":false,"showSkybox":false,"showFlares":true,"showImageEffects":true,"showParticleSystems":true},"in2DMode":false,"pivot":{"x":1086.4927978515625,"y":-13.828829765319825,"z":42.724571228027347},"rotation":{"x":-0.11268751323223114,"y":0.2683396637439728,"z":-0.03162407502532005,"w":-0.9561882019042969},"size":226.91598510742188,"orthographic":false}