{"cameraMode":{"drawMode":0,"name":"Shaded","section":"Shading Mode"},"sceneLighting":true,"audioPlay":false,"sceneViewState":{"showFog":false,"showMaterialUpdate":false,"showSkybox":false,"showFlares":false,"showImageEffects":false,"showParticleSystems":false},"in2DMode":false,"pivot":{"x":10.521526336669922,"y":-0.2891829311847687,"z":-1.7171576023101807},"rotation":{"x":0.16012313961982728,"y":0.7282657027244568,"z":-0.18195635080337525,"w":0.6410513520240784},"size":2.23190975189209,"orthographic":false}