{"cameraMode":{"drawMode":0,"name":"Shaded","section":"Shading Mode"},"sceneLighting":false,"audioPlay":false,"sceneViewState":{"showFog":false,"showMaterialUpdate":false,"showSkybox":false,"showFlares":false,"showImageEffects":false,"showParticleSystems":false},"in2DMode":false,"pivot":{"x":0.12753036618232728,"y":0.31885895133018496,"z":-0.08383067697286606},"rotation":{"x":-0.035909831523895267,"y":0.8121148943901062,"z":-0.050260547548532489,"w":-0.580244779586792},"size":0.4982227087020874,"orthographic":false}