{"cameraMode":{"drawMode":0,"name":"Shaded","section":"Shading Mode"},"sceneLighting":false,"audioPlay":false,"sceneViewState":{"showFog":false,"showMaterialUpdate":false,"showSkybox":false,"showFlares":false,"showImageEffects":false,"showParticleSystems":false},"in2DMode":false,"pivot":{"x":-5.960464477539063e-8,"y":1.8919336795806885,"z":2.9878363609313967},"rotation":{"x":-0.00848370511084795,"y":-0.9849283695220947,"z":0.050580788403749469,"w":-0.16522927582263947},"size":1.2017300128936768,"orthographic":false}