{"cameraMode":{"drawMode":0,"name":"Shaded","section":"Shading Mode"},"sceneLighting":false,"audioPlay":false,"sceneViewState":{"showFog":false,"showMaterialUpdate":false,"showSkybox":false,"showFlares":false,"showImageEffects":false,"showParticleSystems":false},"in2DMode":false,"pivot":{"x":0.004448943305760622,"y":0.025160957127809526,"z":-0.17106913030147553},"rotation":{"x":-0.13695310056209565,"y":-0.7943319082260132,"z":0.19466030597686768,"w":-0.5589706897735596},"size":0.03503011167049408,"orthographic":false}